[{"model": "admin.logentry", "pk": 1, "fields": {"action_time": "2022-06-09T13:02:15.909Z", "user": 1, "content_type": 18, "object_id": "1", "object_repr": "Google Api", "action_flag": 1, "change_message": "[{\"added\": {}}]"}}, {"model": "admin.logentry", "pk": 2, "fields": {"action_time": "2022-06-09T13:02:35.379Z", "user": 1, "content_type": 14, "object_id": "1", "object_repr": "127.0.0.1:8000", "action_flag": 2, "change_message": "[{\"changed\": {\"fields\": [\"Domain name\", \"Display name\"]}}]"}}, {"model": "admin.logentry", "pk": 3, "fields": {"action_time": "2022-06-09T16:38:04.572Z", "user": 1, "content_type": 4, "object_id": "6", "object_repr": "dueñosiu", "action_flag": 3, "change_message": ""}}, {"model": "admin.logentry", "pk": 4, "fields": {"action_time": "2022-06-09T16:38:09.237Z", "user": 1, "content_type": 4, "object_id": "2", "object_repr": "nicolas_felipe", "action_flag": 3, "change_message": ""}}, {"model": "admin.logentry", "pk": 5, "fields": {"action_time": "2022-06-09T16:38:13.393Z", "user": 1, "content_type": 4, "object_id": "5", "object_repr": "julianan", "action_flag": 3, "change_message": ""}}, {"model": "admin.logentry", "pk": 6, "fields": {"action_time": "2022-06-09T16:38:17.448Z", "user": 1, "content_type": 4, "object_id": "4", "object_repr": "julian", "action_flag": 3, "change_message": ""}}, {"model": "admin.logentry", "pk": 7, "fields": {"action_time": "2022-06-09T16:38:21.953Z", "user": 1, "content_type": 4, "object_id": "3", "object_repr": "felipe", "action_flag": 3, "change_message": ""}}, {"model": "admin.logentry", "pk": 8, "fields": {"action_time": "2022-06-09T17:29:50.418Z", "user": 1, "content_type": 4, "object_id": "7", "object_repr": "felipe", "action_flag": 3, "change_message": ""}}, {"model": "admin.logentry", "pk": 9, "fields": {"action_time": "2022-06-09T17:33:17.323Z", "user": 1, "content_type": 4, "object_id": "8", "object_repr": "nicolas_felipe", "action_flag": 3, "change_message": ""}}, {"model": "admin.logentry", "pk": 10, "fields": {"action_time": "2022-06-09T17:42:39.341Z", "user": 1, "content_type": 4, "object_id": "9", "object_repr": "nicolas_felipe", "action_flag": 3, "change_message": ""}}, {"model": "admin.logentry", "pk": 11, "fields": {"action_time": "2022-06-24T15:43:36.379Z", "user": 1, "content_type": 4, "object_id": "23", "object_repr": "hannah", "action_flag": 3, "change_message": ""}}, {"model": "admin.logentry", "pk": 12, "fields": {"action_time": "2022-06-24T15:43:41.691Z", "user": 1, "content_type": 4, "object_id": "19", "object_repr": "juan_diego", "action_flag": 3, "change_message": ""}}, {"model": "admin.logentry", "pk": 13, "fields": {"action_time": "2022-06-24T15:43:47.055Z", "user": 1, "content_type": 4, "object_id": "22", "object_repr": "julieta", "action_flag": 3, "change_message": ""}}, {"model": "auth.permission", "pk": 1, "fields": {"name": "Can add log entry", "content_type": 1, "codename": "add_logentry"}}, {"model": "auth.permission", "pk": 2, "fields": {"name": "Can change log entry", "content_type": 1, "codename": "change_logentry"}}, {"model": "auth.permission", "pk": 3, "fields": {"name": "Can delete log entry", "content_type": 1, "codename": "delete_logentry"}}, {"model": "auth.permission", "pk": 4, "fields": {"name": "Can view log entry", "content_type": 1, "codename": "view_logentry"}}, {"model": "auth.permission", "pk": 5, "fields": {"name": "Can add permission", "content_type": 2, "codename": "add_permission"}}, {"model": "auth.permission", "pk": 6, "fields": {"name": "Can change permission", "content_type": 2, "codename": "change_permission"}}, {"model": "auth.permission", "pk": 7, "fields": {"name": "Can delete permission", "content_type": 2, "codename": "delete_permission"}}, {"model": "auth.permission", "pk": 8, "fields": {"name": "Can view permission", "content_type": 2, "codename": "view_permission"}}, {"model": "auth.permission", "pk": 9, "fields": {"name": "Can add group", "content_type": 3, "codename": "add_group"}}, {"model": "auth.permission", "pk": 10, "fields": {"name": "Can change group", "content_type": 3, "codename": "change_group"}}, {"model": "auth.permission", "pk": 11, "fields": {"name": "Can delete group", "content_type": 3, "codename": "delete_group"}}, {"model": "auth.permission", "pk": 12, "fields": {"name": "Can view group", "content_type": 3, "codename": "view_group"}}, {"model": "auth.permission", "pk": 13, "fields": {"name": "Can add user", "content_type": 4, "codename": "add_user"}}, {"model": "auth.permission", "pk": 14, "fields": {"name": "Can change user", "content_type": 4, "codename": "change_user"}}, {"model": "auth.permission", "pk": 15, "fields": {"name": "Can delete user", "content_type": 4, "codename": "delete_user"}}, {"model": "auth.permission", "pk": 16, "fields": {"name": "Can view user", "content_type": 4, "codename": "view_user"}}, {"model": "auth.permission", "pk": 17, "fields": {"name": "Can add content type", "content_type": 5, "codename": "add_contenttype"}}, {"model": "auth.permission", "pk": 18, "fields": {"name": "Can change content type", "content_type": 5, "codename": "change_contenttype"}}, {"model": "auth.permission", "pk": 19, "fields": {"name": "Can delete content type", "content_type": 5, "codename": "delete_contenttype"}}, {"model": "auth.permission", "pk": 20, "fields": {"name": "Can view content type", "content_type": 5, "codename": "view_contenttype"}}, {"model": "auth.permission", "pk": 21, "fields": {"name": "Can add session", "content_type": 6, "codename": "add_session"}}, {"model": "auth.permission", "pk": 22, "fields": {"name": "Can change session", "content_type": 6, "codename": "change_session"}}, {"model": "auth.permission", "pk": 23, "fields": {"name": "Can delete session", "content_type": 6, "codename": "delete_session"}}, {"model": "auth.permission", "pk": 24, "fields": {"name": "Can view session", "content_type": 6, "codename": "view_session"}}, {"model": "auth.permission", "pk": 25, "fields": {"name": "Can add categoria", "content_type": 7, "codename": "add_categoria"}}, {"model": "auth.permission", "pk": 26, "fields": {"name": "Can change categoria", "content_type": 7, "codename": "change_categoria"}}, {"model": "auth.permission", "pk": 27, "fields": {"name": "Can delete categoria", "content_type": 7, "codename": "delete_categoria"}}, {"model": "auth.permission", "pk": 28, "fields": {"name": "Can view categoria", "content_type": 7, "codename": "view_categoria"}}, {"model": "auth.permission", "pk": 29, "fields": {"name": "Can add chaza", "content_type": 8, "codename": "add_chaza"}}, {"model": "auth.permission", "pk": 30, "fields": {"name": "Can change chaza", "content_type": 8, "codename": "change_chaza"}}, {"model": "auth.permission", "pk": 31, "fields": {"name": "Can delete chaza", "content_type": 8, "codename": "delete_chaza"}}, {"model": "auth.permission", "pk": 32, "fields": {"name": "Can view chaza", "content_type": 8, "codename": "view_chaza"}}, {"model": "auth.permission", "pk": 33, "fields": {"name": "Can add comensales", "content_type": 9, "codename": "add_comensales"}}, {"model": "auth.permission", "pk": 34, "fields": {"name": "Can change comensales", "content_type": 9, "codename": "change_comensales"}}, {"model": "auth.permission", "pk": 35, "fields": {"name": "Can delete comensales", "content_type": 9, "codename": "delete_comensales"}}, {"model": "auth.permission", "pk": 36, "fields": {"name": "Can view comensales", "content_type": 9, "codename": "view_comensales"}}, {"model": "auth.permission", "pk": 37, "fields": {"name": "Can add tipo usuario", "content_type": 10, "codename": "add_tipousuario"}}, {"model": "auth.permission", "pk": 38, "fields": {"name": "Can change tipo usuario", "content_type": 10, "codename": "change_tipousuario"}}, {"model": "auth.permission", "pk": 39, "fields": {"name": "Can delete tipo usuario", "content_type": 10, "codename": "delete_tipousuario"}}, {"model": "auth.permission", "pk": 40, "fields": {"name": "Can view tipo usuario", "content_type": 10, "codename": "view_tipousuario"}}, {"model": "auth.permission", "pk": 41, "fields": {"name": "Can add ubicaciones", "content_type": 11, "codename": "add_ubicaciones"}}, {"model": "auth.permission", "pk": 42, "fields": {"name": "Can change ubicaciones", "content_type": 11, "codename": "change_ubicaciones"}}, {"model": "auth.permission", "pk": 43, "fields": {"name": "Can delete ubicaciones", "content_type": 11, "codename": "delete_ubicaciones"}}, {"model": "auth.permission", "pk": 44, "fields": {"name": "Can view ubicaciones", "content_type": 11, "codename": "view_ubicaciones"}}, {"model": "auth.permission", "pk": 45, "fields": {"name": "Can add dueno chaza", "content_type": 12, "codename": "add_duenochaza"}}, {"model": "auth.permission", "pk": 46, "fields": {"name": "Can change dueno chaza", "content_type": 12, "codename": "change_duenochaza"}}, {"model": "auth.permission", "pk": 47, "fields": {"name": "Can delete dueno chaza", "content_type": 12, "codename": "delete_duenochaza"}}, {"model": "auth.permission", "pk": 48, "fields": {"name": "Can view dueno chaza", "content_type": 12, "codename": "view_duenochaza"}}, {"model": "auth.permission", "pk": 49, "fields": {"name": "Can add comentarios", "content_type": 13, "codename": "add_comentarios"}}, {"model": "auth.permission", "pk": 50, "fields": {"name": "Can change comentarios", "content_type": 13, "codename": "change_comentarios"}}, {"model": "auth.permission", "pk": 51, "fields": {"name": "Can delete comentarios", "content_type": 13, "codename": "delete_comentarios"}}, {"model": "auth.permission", "pk": 52, "fields": {"name": "Can view comentarios", "content_type": 13, "codename": "view_comentarios"}}, {"model": "auth.permission", "pk": 53, "fields": {"name": "Can add site", "content_type": 14, "codename": "add_site"}}, {"model": "auth.permission", "pk": 54, "fields": {"name": "Can change site", "content_type": 14, "codename": "change_site"}}, {"model": "auth.permission", "pk": 55, "fields": {"name": "Can delete site", "content_type": 14, "codename": "delete_site"}}, {"model": "auth.permission", "pk": 56, "fields": {"name": "Can view site", "content_type": 14, "codename": "view_site"}}, {"model": "auth.permission", "pk": 57, "fields": {"name": "Can add email address", "content_type": 15, "codename": "add_emailaddress"}}, {"model": "auth.permission", "pk": 58, "fields": {"name": "Can change email address", "content_type": 15, "codename": "change_emailaddress"}}, {"model": "auth.permission", "pk": 59, "fields": {"name": "Can delete email address", "content_type": 15, "codename": "delete_emailaddress"}}, {"model": "auth.permission", "pk": 60, "fields": {"name": "Can view email address", "content_type": 15, "codename": "view_emailaddress"}}, {"model": "auth.permission", "pk": 61, "fields": {"name": "Can add email confirmation", "content_type": 16, "codename": "add_emailconfirmation"}}, {"model": "auth.permission", "pk": 62, "fields": {"name": "Can change email confirmation", "content_type": 16, "codename": "change_emailconfirmation"}}, {"model": "auth.permission", "pk": 63, "fields": {"name": "Can delete email confirmation", "content_type": 16, "codename": "delete_emailconfirmation"}}, {"model": "auth.permission", "pk": 64, "fields": {"name": "Can view email confirmation", "content_type": 16, "codename": "view_emailconfirmation"}}, {"model": "auth.permission", "pk": 65, "fields": {"name": "Can add social account", "content_type": 17, "codename": "add_socialaccount"}}, {"model": "auth.permission", "pk": 66, "fields": {"name": "Can change social account", "content_type": 17, "codename": "change_socialaccount"}}, {"model": "auth.permission", "pk": 67, "fields": {"name": "Can delete social account", "content_type": 17, "codename": "delete_socialaccount"}}, {"model": "auth.permission", "pk": 68, "fields": {"name": "Can view social account", "content_type": 17, "codename": "view_socialaccount"}}, {"model": "auth.permission", "pk": 69, "fields": {"name": "Can add social application", "content_type": 18, "codename": "add_socialapp"}}, {"model": "auth.permission", "pk": 70, "fields": {"name": "Can change social application", "content_type": 18, "codename": "change_socialapp"}}, {"model": "auth.permission", "pk": 71, "fields": {"name": "Can delete social application", "content_type": 18, "codename": "delete_socialapp"}}, {"model": "auth.permission", "pk": 72, "fields": {"name": "Can view social application", "content_type": 18, "codename": "view_socialapp"}}, {"model": "auth.permission", "pk": 73, "fields": {"name": "Can add social application token", "content_type": 19, "codename": "add_socialtoken"}}, {"model": "auth.permission", "pk": 74, "fields": {"name": "Can change social application token", "content_type": 19, "codename": "change_socialtoken"}}, {"model": "auth.permission", "pk": 75, "fields": {"name": "Can delete social application token", "content_type": 19, "codename": "delete_socialtoken"}}, {"model": "auth.permission", "pk": 76, "fields": {"name": "Can view social application token", "content_type": 19, "codename": "view_socialtoken"}}, {"model": "auth.user", "pk": 1, "fields": {"password": "pbkdf2_sha256$320000$Gh9blYYAfCis6lxbIoMNdR$oFQWsDQTPeiA2xpfY7sXUXQru849dNdInYDHFIWou3M=", "last_login": "2022-06-28T00:16:39.561Z", "is_superuser": true, "username": "npardom", "first_name": "", "last_name": "", "email": "", "is_staff": true, "is_active": true, "date_joined": "2022-06-09T12:58:41.663Z", "groups": [], "user_permissions": []}}, {"model": "auth.user", "pk": 10, "fields": {"password": "pbkdf2_sha256$320000$3t3wuPkRKgI06ozONHMaYt$cPqoUeA4IoGOPKiED1uI1XUdOsweOHq1PPv3LC7eE40=", "last_login": "2022-06-09T22:26:31.637Z", "is_superuser": false, "username": "dueño1", "first_name": "", "last_name": "", "email": "", "is_staff": false, "is_active": true, "date_joined": "2022-06-09T22:26:31.076Z", "groups": [], "user_permissions": []}}, {"model": "auth.user", "pk": 11, "fields": {"password": "pbkdf2_sha256$320000$lmmQzRKVB3WDW66DU4WcQH$VZu6RCRz80zJt2dCAcSnweTkvZlNrwe7Nms82DF9hjo=", "last_login": "2022-06-28T00:02:02.410Z", "is_superuser": false, "username": "dueño2", "first_name": "", "last_name": "", "email": "", "is_staff": false, "is_active": true, "date_joined": "2022-06-09T22:27:43.592Z", "groups": [], "user_permissions": []}}, {"model": "auth.user", "pk": 12, "fields": {"password": "pbkdf2_sha256$320000$MuBt3YgDBfBPQUlQSbd42M$AMgEAPJaCGNRmxxUbi9X4hnz6HZ5jTnYzvcF+BYrRQ8=", "last_login": "2022-06-09T22:29:09.346Z", "is_superuser": false, "username": "dueño3", "first_name": "", "last_name": "", "email": "", "is_staff": false, "is_active": true, "date_joined": "2022-06-09T22:29:08.831Z", "groups": [], "user_permissions": []}}, {"model": "auth.user", "pk": 13, "fields": {"password": "pbkdf2_sha256$320000$XJJJ6z2dVAwsQjJ3yeDrL7$ruYhtA7Sp5DhpXaUTVBBBN4nTpmOaAQztDt0iyWUCVw=", "last_login": "2022-06-09T22:31:28.411Z", "is_superuser": false, "username": "dueño4", "first_name": "", "last_name": "", "email": "", "is_staff": false, "is_active": true, "date_joined": "2022-06-09T22:31:27.952Z", "groups": [], "user_permissions": []}}, {"model": "auth.user", "pk": 14, "fields": {"password": "pbkdf2_sha256$320000$dnRqEQQI8nt02ToSLCGTwP$JkeYJZJKtMC3p+hWcVkfM4EA2Fz39jv1grUZ6J7YqHE=", "last_login": "2022-06-09T22:33:48.733Z", "is_superuser": false, "username": "dueño5", "first_name": "", "last_name": "", "email": "", "is_staff": false, "is_active": true, "date_joined": "2022-06-09T22:33:48.220Z", "groups": [], "user_permissions": []}}, {"model": "auth.user", "pk": 15, "fields": {"password": "pbkdf2_sha256$320000$PeGdeLhvACLrIHO6OVUv3x$zYMOsXLbONY0BozCZ/UrtfRO8glvEsG/HEnqugRx7o4=", "last_login": "2022-06-09T22:35:00.829Z", "is_superuser": false, "username": "Dueño6", "first_name": "", "last_name": "", "email": "", "is_staff": false, "is_active": true, "date_joined": "2022-06-09T22:35:00.267Z", "groups": [], "user_permissions": []}}, {"model": "auth.user", "pk": 16, "fields": {"password": "pbkdf2_sha256$320000$4reCjUUgzlwq0hGebtBZt6$DiYByfAi/3sWQ4NzMsVYeQLUc3AgxRGsbmIn3bOR8pg=", "last_login": "2022-06-09T22:37:43.960Z", "is_superuser": false, "username": "Comensal1", "first_name": "", "last_name": "", "email": "", "is_staff": false, "is_active": true, "date_joined": "2022-06-09T22:37:43.438Z", "groups": [], "user_permissions": []}}, {"model": "auth.user", "pk": 17, "fields": {"password": "pbkdf2_sha256$320000$Bp3nKRPgmiaPWS9Hvlo309$qis8ds82wMwsUibf6c379bgWXIaN9lbd09Hv4IkTtxc=", "last_login": "2022-06-09T22:41:49.952Z", "is_superuser": false, "username": "Comensal2", "first_name": "", "last_name": "", "email": "", "is_staff": false, "is_active": true, "date_joined": "2022-06-09T22:41:49.428Z", "groups": [], "user_permissions": []}}, {"model": "auth.user", "pk": 18, "fields": {"password": "pbkdf2_sha256$320000$kGGjcKcKkxE2HVtWOYvLxS$8qq8Jd+M31i9+Zt67wTAtVj2g0FuqE7+2HGMF935NVM=", "last_login": "2022-06-09T22:45:37.792Z", "is_superuser": false, "username": "Comensal3", "first_name": "", "last_name": "", "email": "", "is_staff": false, "is_active": true, "date_joined": "2022-06-09T22:45:37.175Z", "groups": [], "user_permissions": []}}, {"model": "auth.user", "pk": 20, "fields": {"password": "pbkdf2_sha256$320000$ubFlMhrRomSpEmnzZnBGi7$8GRL1EoublMZhaKUUltbcauyLf75kZmaK+t86YY8Fig=", "last_login": "2022-06-10T00:52:27.493Z", "is_superuser": false, "username": "felipe", "first_name": "", "last_name": "", "email": "", "is_staff": false, "is_active": true, "date_joined": "2022-06-10T00:52:27.008Z", "groups": [], "user_permissions": []}}, {"model": "auth.user", "pk": 21, "fields": {"password": "pbkdf2_sha256$320000$cPOpLUWOVy8IGVuqcD5IGF$YLK+nDvn3D5cQtINwPHfUrpmTv8xdMv79B4nrJUGf3c=", "last_login": "2022-06-23T12:08:49.242Z", "is_superuser": false, "username": "comensal0", "first_name": "", "last_name": "", "email": "", "is_staff": false, "is_active": true, "date_joined": "2022-06-23T12:08:48.602Z", "groups": [], "user_permissions": []}}, {"model": "auth.user", "pk": 24, "fields": {"password": "pbkdf2_sha256$320000$n6OuZlVsDpcOVfHsxCYoeK$uEbuil7BaFarpESxI4buvPEJm3+rjHY4F4WgRe65BAQ=", "last_login": "2022-06-27T18:54:42.503Z", "is_superuser": false, "username": "cliente", "first_name": "", "last_name": "", "email": "", "is_staff": false, "is_active": true, "date_joined": "2022-06-24T15:48:42.840Z", "groups": [], "user_permissions": []}}, {"model": "auth.user", "pk": 25, "fields": {"password": "pbkdf2_sha256$320000$kk3Hs0O66koQHE46gnPUOO$238uqW9pTZQvJ0UIfOg+1UUAL4zHCoux1w/34PsBrOA=", "last_login": "2022-06-24T15:50:27.868Z", "is_superuser": false, "username": "vendedor", "first_name": "", "last_name": "", "email": "", "is_staff": false, "is_active": true, "date_joined": "2022-06-24T15:50:27.350Z", "groups": [], "user_permissions": []}}, {"model": "auth.user", "pk": 26, "fields": {"password": "pbkdf2_sha256$320000$6usHwqb69qrkf7IUocV0ug$I4ApBgNVAGC2uz4m/GOjfppAGBvccmWf0taInSQ1WBQ=", "last_login": "2022-06-25T02:04:08.472Z", "is_superuser": false, "username": "nuevoVendedor", "first_name": "", "last_name": "", "email": "", "is_staff": false, "is_active": true, "date_joined": "2022-06-25T02:04:07.871Z", "groups": [], "user_permissions": []}}, {"model": "auth.user", "pk": 27, "fields": {"password": "!t9smGvFqJZADBmZTGE7P8mpjVZjKVVVdHbpEFqA4", "last_login": "2022-06-28T03:47:11.858Z", "is_superuser": false, "username": "nicolas_felipe", "first_name": "Nicolas Felipe", "last_name": "Pardo Machett's", "email": "npardomachetts@gmail.com", "is_staff": false, "is_active": true, "date_joined": "2022-06-28T03:47:10.233Z", "groups": [], "user_permissions": []}}, {"model": "contenttypes.contenttype", "pk": 1, "fields": {"app_label": "admin", "model": "logentry"}}, {"model": "contenttypes.contenttype", "pk": 2, "fields": {"app_label": "auth", "model": "permission"}}, {"model": "contenttypes.contenttype", "pk": 3, "fields": {"app_label": "auth", "model": "group"}}, {"model": "contenttypes.contenttype", "pk": 4, "fields": {"app_label": "auth", "model": "user"}}, {"model": "contenttypes.contenttype", "pk": 5, "fields": {"app_label": "contenttypes", "model": "contenttype"}}, {"model": "contenttypes.contenttype", "pk": 6, "fields": {"app_label": "sessions", "model": "session"}}, {"model": "contenttypes.contenttype", "pk": 7, "fields": {"app_label": "base", "model": "categoria"}}, {"model": "contenttypes.contenttype", "pk": 8, "fields": {"app_label": "base", "model": "chaza"}}, {"model": "contenttypes.contenttype", "pk": 9, "fields": {"app_label": "base", "model": "comensales"}}, {"model": "contenttypes.contenttype", "pk": 10, "fields": {"app_label": "base", "model": "tipousuario"}}, {"model": "contenttypes.contenttype", "pk": 11, "fields": {"app_label": "base", "model": "ubicaciones"}}, {"model": "contenttypes.contenttype", "pk": 12, "fields": {"app_label": "base", "model": "duenochaza"}}, {"model": "contenttypes.contenttype", "pk": 13, "fields": {"app_label": "base", "model": "comentarios"}}, {"model": "contenttypes.contenttype", "pk": 14, "fields": {"app_label": "sites", "model": "site"}}, {"model": "contenttypes.contenttype", "pk": 15, "fields": {"app_label": "account", "model": "emailaddress"}}, {"model": "contenttypes.contenttype", "pk": 16, "fields": {"app_label": "account", "model": "emailconfirmation"}}, {"model": "contenttypes.contenttype", "pk": 17, "fields": {"app_label": "socialaccount", "model": "socialaccount"}}, {"model": "contenttypes.contenttype", "pk": 18, "fields": {"app_label": "socialaccount", "model": "socialapp"}}, {"model": "contenttypes.contenttype", "pk": 19, "fields": {"app_label": "socialaccount", "model": "socialtoken"}}, {"model": "sessions.session", "pk": "0sfbh2kddikppyji6un38dzek0shmbtc", "fields": {"session_data": ".eJxVjEkOAiEUBe_C2hCmZuile89AmL6NGjDQnWiMd1eSXuj2Vb16Ieu2dbFbT83miGZE0eF38y5cUxkgXlw5VxxqWVv2eCh4px2faky34-7-BRbXl--bT0ZIb6iiAExPijNlohBUEglSB-eNAhqllxCU0yYJEMRTxTgDHYDzEe2p91yLTY97bk80k_cHVH4-bw:1o5vqw:bP9clDovB2SrVXLdVRbGjzqV_3WSAFD0jz0tcpv3rw0", "expire_date": "2022-07-11T21:01:02.377Z"}}, {"model": "sessions.session", "pk": "2k2nkowsv27h7x8x7b222dm7aincclfo", "fields": {"session_data": ".eJxVjMEKgzAMQP-lZxGrdmbe5o-UtEmxrKug7S5j_74qMvASyHvJ-wi0dskx6Tev3nkmzS_0QYwxh1D9bd54FaPwohIac5oPoD0VJuEKDdonx91gCDuuz0h93Jx6qx9l45i8xeSXOJ1fl9SM21w6ziAq13RlAA0SjFTSUYemQAAyN2pA2TupvkFgRzgoACl71XFLaFvx_QGF-k7_:1nzQuH:IKaosJzrufh5A4Bp_dqLIjPs0FE8CoyoiswxZxWm82s", "expire_date": "2022-06-23T22:45:37.896Z"}}, {"model": "sessions.session", "pk": "2snv3ykg12blw9zr9i6vaevg8yzo3191", "fields": {"session_data": ".eJxVjMsKgzAQRf9l1iJ5VIzu2h8Jk2SCwTSCJm5K_71RpOBm4J5z534ArV1KynqnNfhATtMbQ4QxlRibvy0brTDCDA1oLHk6gQ6uMsHu0KCdKR0GYzxwe420Z-fSW_usiVIOFnNY0uv6uk1NuE11h0hY4ZR00mPne4WqIyI7oCcmuTeo1MCc4kbWbHuPD8M561AKJ3w98P0BlBFPUg:1nzSt1:k1HxmpWKGaMVQbrPAL80U0a7vl0rHsfcXIblNEvyh0k", "expire_date": "2022-06-24T00:52:27.550Z"}}, {"model": "sessions.session", "pk": "3w0thquqo64q25adp7ixokm46mi1i7g7", "fields": {"session_data": ".eJxVjEkOAiEUBe_C2hCmZuile89AmL6NGjDQnWiMd1eSXuj2Vb16Ieu2dbFbT83miGZE0eF38y5cUxkgXlw5VxxqWVv2eCh4px2faky34-7-BRbXl--bT0ZIb6iiAExPijNlohBUEglSB-eNAhqllxCU0yYJEMRTxTgDHYDzEe2p91yLTY97bk80k_cHVH4-bw:1o5w51:0PHBLMF65Yai1HMno0IIIGzQvRordkgVg7HB0VQHfi4", "expire_date": "2022-07-11T21:15:35.218Z"}}, {"model": "sessions.session", "pk": "4oz3npcxmiim06apro05zqu1soqks7e0", "fields": {"session_data": ".eJxVjEkOAiEUBe_C2hCmZuile89AmL6NGjDQnWiMd1eSXuj2Vb16Ieu2dbFbT83miGZE0eF38y5cUxkgXlw5VxxqWVv2eCh4px2faky34-7-BRbXl--bT0ZIb6iiAExPijNlohBUEglSB-eNAhqllxCU0yYJEMRTxTgDHYDzEe2p91yLTY97bk80k_cHVH4-bw:1o4OYh:o4q7K0pTAX8uzlUToF-gXWqPsHmVKIFcgeGSE6rYkCs", "expire_date": "2022-07-07T15:15:51.423Z"}}, {"model": "sessions.session", "pk": "59ej2lczvoxa9362wkvpkkathzqrl1ab", "fields": {"session_data": ".eJxVjEkOAiEUBe_C2hCmZuile89AmL6NGjDQnWiMd1eSXuj2Vb16Ieu2dbFbT83miGZE0eF38y5cUxkgXlw5VxxqWVv2eCh4px2faky34-7-BRbXl--bT0ZIb6iiAExPijNlohBUEglSB-eNAhqllxCU0yYJEMRTxTgDHYDzEe2p91yLTY97bk80k_cHVH4-bw:1nzJOt:JRZrzNIferik6vb9pLc8SvPIAc5_0v_67AyRiCoIZMU", "expire_date": "2022-06-23T14:44:43.828Z"}}, {"model": "sessions.session", "pk": "6beozkcpcctwz0zcdmw180o1fd200ekm", "fields": {"session_data": ".eJxVjEkOAiEUBe_C2hCmZuile89AmL6NGjDQnWiMd1eSXuj2Vb16Ieu2dbFbT83miGZE0eF38y5cUxkgXlw5VxxqWVv2eCh4px2faky34-7-BRbXl--bT0ZIb6iiAExPijNlohBUEglSB-eNAhqllxCU0yYJEMRTxTgDHYDzEe2p91yLTY97bk80k_cHVH4-bw:1o4kRM:qWmzR-YAB2LsPpa8mqumZxJL8anQg21dj3rVivc2ViU", "expire_date": "2022-07-08T14:37:44.932Z"}}, {"model": "sessions.session", "pk": "76jh9hzixeiszb9wcuk5bmju7vt0u2a9", "fields": {"session_data": ".eJxVjM0OgyAQBt9lz8YI-IPe2hchy7JEUoqJQi9N373WmCYed-bbeQMSLSVl8-I1-MDO8BNDhCmVGKu_LRuvMEGCCgyWPB_ABLczqa7QIj04_QzG-MP1GamPzam3-rZfnHIgzGFJ9_Prkppxm_eO0h0pIinHtrekhBMtjyita1D5TvPIArXHZiAk1EhCKjd464XWtu2pgc8XdKhPIw:1o4TVu:OE-5Ok4qCma6PSLJhzirvzUNXXTW1cMquHe7WyRrKgM", "expire_date": "2022-07-07T20:33:18.329Z"}}, {"model": "sessions.session", "pk": "7voucv5cguq90fj7wk0kdazq0lrl5zvq", "fields": {"session_data": ".eJxVjEkOAiEUBe_C2hCmZuile89AmL6NGjDQnWiMd1eSXuj2Vb16Ieu2dbFbT83miGZE0eF38y5cUxkgXlw5VxxqWVv2eCh4px2faky34-7-BRbXl--bT0ZIb6iiAExPijNlohBUEglSB-eNAhqllxCU0yYJEMRTxTgDHYDzEe2p91yLTY97bk80k_cHVH4-bw:1o4MY4:M4ANBEpX3ynB5r6m-XeYtgXOOETyDl8uEBIxXsDexkY", "expire_date": "2022-07-07T13:07:04.620Z"}}, {"model": "sessions.session", "pk": "8wwev6ra71zc65wntbhtzovu47o58ejh", "fields": {"session_data": ".eJxVjMEOgyAQRP-Fc2NgERVv7Y-QZVkjKcVEoZem_15tvHicNzPvI5Boqbm4N69xihwcvzAmMeaa0k04rGV2dePVxSBGYcWFeaQn56PAlA7cnLrmvznrrbnviXOJhCUu-XG-LqoZt3n3hA4mFaiVWg4DALa9MdTbTg4WgI32ugPriTR3SgdW0AcTJutVq431EsT3B17NRsA:1nzM8u:lv2gaBGYz_930sGHRhwK-REHx1rVHwpYLM3kCIFc3CY", "expire_date": "2022-06-23T17:40:24.785Z"}}, {"model": "sessions.session", "pk": "8zzlv9u2q5poyk1wcqt9ygjeque4k1qt", "fields": {"session_data": ".eJxVjEkOAiEUBe_C2hCmZuile89AmL6NGjDQnWiMd1eSXuj2Vb16Ieu2dbFbT83miGZE0eF38y5cUxkgXlw5VxxqWVv2eCh4px2faky34-7-BRbXl--bT0ZIb6iiAExPijNlohBUEglSB-eNAhqllxCU0yYJEMRTxTgDHYDzEe2p91yLTY97bk80k_cHVH4-bw:1o5ykI:FMCc2GEUfMHfqZCgyoyQy9X3qkVmU16aXT0f7JbX0YY", "expire_date": "2022-07-12T00:06:22.487Z"}}, {"model": "sessions.session", "pk": "9w9bt5mtijqq42hmn7r30nyi4znzoy8k", "fields": {"session_data": ".eJxVjEkOAiEUBe_C2hCmZuile89AmL6NGjDQnWiMd1eSXuj2Vb16Ieu2dbFbT83miGZE0eF38y5cUxkgXlw5VxxqWVv2eCh4px2faky34-7-BRbXl--bT0ZIb6iiAExPijNlohBUEglSB-eNAhqllxCU0yYJEMRTxTgDHYDzEe2p91yLTY97bk80k_cHVH4-bw:1nzHuU:ncN6kHYzATvYWFnF6VstRegGUS6NMsmii9WqdzS3Czg", "expire_date": "2022-06-23T13:09:14.923Z"}}, {"model": "sessions.session", "pk": "b6wlp73tugxi60975k0p2m46ae793djx", "fields": {"session_data": ".eJxVjEkOAiEUBe_C2hCmZuile89AmL6NGjDQnWiMd1eSXuj2Vb16Ieu2dbFbT83miGZE0eF38y5cUxkgXlw5VxxqWVv2eCh4px2faky34-7-BRbXl--bT0ZIb6iiAExPijNlohBUEglSB-eNAhqllxCU0yYJEMRTxTgDHYDzEe2p91yLTY97bk80k_cHVH4-bw:1nzK82:qP7Dyj5YC7s8fepI3qUTPyUDG4JR2ZHvk0paVfLi23M", "expire_date": "2022-06-23T15:31:22.478Z"}}, {"model": "sessions.session", "pk": "bdp6b699oo89hpd6fgmpu5nhm2s1iaim", "fields": {"session_data": ".eJxVjMsOwiAURP_lrk0jLQ_pTn-EXOCSEpEmBdwY_11quulyzsycD6Bza8vVvGmLIZI39MKYYM4tpQsYbHUxrdBmoocZRgUnaNE9Ke8NprTj4fAN_81Rl-HeE-UaHda45sfxOqkWLEv3kAgChWI8BAzcEgrJJyG016gs85asliJcmepuJkc1yRvvVEuluPejhe8P095IhA:1o62C0:8zIkC_CjbZi4S_1h89REh32ZUMUNJ12fspdBe0s_ASM", "expire_date": "2022-07-12T03:47:12.203Z"}}, {"model": "sessions.session", "pk": "cny8d5vitb0zxozf3jl1u4jzzxxlglzy", "fields": {"session_data": ".eJxVjEkOAiEUBe_C2hCmZuile89AmL6NGjDQnWiMd1eSXuj2Vb16Ieu2dbFbT83miGZE0eF38y5cUxkgXlw5VxxqWVv2eCh4px2faky34-7-BRbXl--bT0ZIb6iiAExPijNlohBUEglSB-eNAhqllxCU0yYJEMRTxTgDHYDzEe2p91yLTY97bk80k_cHVH4-bw:1o4kZo:9ULKYhwnVZxpRKJPzTZMArFtmBtt1QbwMtq5xQnA8pU", "expire_date": "2022-07-08T14:46:28.206Z"}}, {"model": "sessions.session", "pk": "g6vj6c710y0iet8jg3f8rriuua41dglo", "fields": {"session_data": ".eJxVjEEOgyAQRe_C2hgQLI679iJkGCCSIiYVuml696oxTVzOe3_ehyHRUnMxb_-KIXpn_IwxsTHXlJq_rat_sZHNrGEGa5kOYKLbWNddoUV6-rwbTGnH7Rlpj82p1_a-XT6XSFjikh_n1yU14TptnWABpHOKyHEpJBd2IIRegQ49aGslBj0oQH5DBOgUWeJcS-wAvBJiYN8fa1dOGw:1o4MC7:KvlVxvQdvvVNFskh9pWKJiDMrzSvppKGzUi0faSxy6Q", "expire_date": "2022-07-07T12:44:23.919Z"}}, {"model": "sessions.session", "pk": "hon4zmdza9ax9phjay19u04v7e74yi7m", "fields": {"session_data": ".eJxVjEkOAiEUBe_C2hCmZuile89AmL6NGjDQnWiMd1eSXuj2Vb16Ieu2dbFbT83miGZE0eF38y5cUxkgXlw5VxxqWVv2eCh4px2faky34-7-BRbXl--bT0ZIb6iiAExPijNlohBUEglSB-eNAhqllxCU0yYJEMRTxTgDHYDzEe2p91yLTY97bk80k_cHVH4-bw:1nzKf8:WkpFXjFX96VIe6K2mVq7_tj2dDOVeQx_CFa4Sb1s_mw", "expire_date": "2022-06-23T16:05:34.705Z"}}, {"model": "sessions.session", "pk": "jrni2nx4wy4kqqgmpjzk1rup5l2v7zru", "fields": {"session_data": ".eJxVjEEOgyAQRe_C2hhBIeCuvQgZhjGSUkwVuml696IxTVxN_nt__ocB4lJStm9awxTIW3pCiGxMJcbmb8tGKxvZizXMQsnzAWzwlQl1hQ7wQWk3EOOO23OkPTqn3tpbTZRyQMhhSffz6zI1wzbXHeW4J0lSc-gHmIRBdI4PmgspSHWOI-pJ6K4nYzz4ekApoRD3SNKw7w92XE7i:1o4v9c:g9XtSoecc5P_HH7bkHGaRapYlayqlniHoFTn-MW7e00", "expire_date": "2022-07-09T02:04:08.676Z"}}, {"model": "sessions.session", "pk": "ksmo1m004t0cvcb7vi8fp0nlf4r7ld9j", "fields": {"session_data": ".eJxVjEkOAiEUBe_C2hCmZuile89AmL6NGjDQnWiMd1eSXuj2Vb16Ieu2dbFbT83miGZE0eF38y5cUxkgXlw5VxxqWVv2eCh4px2faky34-7-BRbXl--bT0ZIb6iiAExPijNlohBUEglSB-eNAhqllxCU0yYJEMRTxTgDHYDzEe2p91yLTY97bk80k_cHVH4-bw:1o5tt8:u3r-hpzvWJJ2Y2MlRIwb_Mb0d52vLyN28WBcL4QnqBs", "expire_date": "2022-07-11T18:55:10.711Z"}}, {"model": "sessions.session", "pk": "lzfedalrn8ar3g6wnisv5c61lzvippz0", "fields": {"session_data": ".eJxVjEkOAiEUBe_C2hCmZuile89AmL6NGjDQnWiMd1eSXuj2Vb16Ieu2dbFbT83miGZE0eF38y5cUxkgXlw5VxxqWVv2eCh4px2faky34-7-BRbXl--bT0ZIb6iiAExPijNlohBUEglSB-eNAhqllxCU0yYJEMRTxTgDHYDzEe2p91yLTY97bk80k_cHVH4-bw:1o4MvW:mT0lIBJuRxEyr7ixoAk61821RJLAhdz-pAfwcLQ2hCE", "expire_date": "2022-07-07T13:31:18.934Z"}}, {"model": "sessions.session", "pk": "m7qg22no5l0v5ncde444ma37v6t0u70x", "fields": {"session_data": ".eJxVjEkOAiEUBe_C2hCmZuile89AmL6NGjDQnWiMd1eSXuj2Vb16Ieu2dbFbT83miGZE0eF38y5cUxkgXlw5VxxqWVv2eCh4px2faky34-7-BRbXl--bT0ZIb6iiAExPijNlohBUEglSB-eNAhqllxCU0yYJEMRTxTgDHYDzEe2p91yLTY97bk80k_cHVH4-bw:1o4LeC:d8ONX6gFXbd200UfY8iQGG5oqPwN8Yk0fRmEXgXZx2w", "expire_date": "2022-07-07T12:09:20.978Z"}}, {"model": "sessions.session", "pk": "r54b8axplm0i72v92ihmemimqvt38xxw", "fields": {"session_data": ".eJxVjEkOAiEUBe_C2hCmZuile89AmL6NGjDQnWiMd1eSXuj2Vb16Ieu2dbFbT83miGZE0eF38y5cUxkgXlw5VxxqWVv2eCh4px2faky34-7-BRbXl--bT0ZIb6iiAExPijNlohBUEglSB-eNAhqllxCU0yYJEMRTxTgDHYDzEe2p91yLTY97bk80k_cHVH4-bw:1o4lAI:KkaMpGrboQZQippX7e1p52tnbokTobi_ut7H1HVn5P4", "expire_date": "2022-07-08T15:24:10.484Z"}}, {"model": "sessions.session", "pk": "snc3hbi2zq6mggv923vziu1j9pufkduc", "fields": {"session_data": ".eJxVjEkOAiEUBe_C2hCmZuile89AmL6NGjDQnWiMd1eSXuj2Vb16Ieu2dbFbT83miGZE0eF38y5cUxkgXlw5VxxqWVv2eCh4px2faky34-7-BRbXl--bT0ZIb6iiAExPijNlohBUEglSB-eNAhqllxCU0yYJEMRTxTgDHYDzEe2p91yLTY97bk80k_cHVH4-bw:1o4ldy:rbDOeWHMGyKbgVs_3zpgYCX0fkfa63FMI7LwpqfIz-s", "expire_date": "2022-07-08T15:54:50.708Z"}}, {"model": "sessions.session", "pk": "tfgnake3kag69kbx0nesw5sq5f9zrt1l", "fields": {"session_data": ".eJxVjEkOAiEUBe_C2hCmZuile89AmL6NGjDQnWiMd1eSXuj2Vb16Ieu2dbFbT83miGZE0eF38y5cUxkgXlw5VxxqWVv2eCh4px2faky34-7-BRbXl--bT0ZIb6iiAExPijNlohBUEglSB-eNAhqllxCU0yYJEMRTxTgDHYDzEe2p91yLTY97bk80k_cHVH4-bw:1o5yhy:THHWQvDDke1TqnShjV-J7U6MsDyqb-UPPNbKb63xOIM", "expire_date": "2022-07-12T00:03:58.818Z"}}, {"model": "sessions.session", "pk": "ux5lentz2alppe1wn1lqg6bzob439gs0", "fields": {"session_data": ".eJxVjEkOAiEUBe_C2hCmZuile89AmL6NGjDQnWiMd1eSXuj2Vb16Ieu2dbFbT83miGZE0eF38y5cUxkgXlw5VxxqWVv2eCh4px2faky34-7-BRbXl--bT0ZIb6iiAExPijNlohBUEglSB-eNAhqllxCU0yYJEMRTxTgDHYDzEe2p91yLTY97bk80k_cHVH4-bw:1o5uyr:7TVDYzsFLT_97m8vbWrOewTM9wnMl88hOf6pzZtosnQ", "expire_date": "2022-07-11T20:05:09.012Z"}}, {"model": "sessions.session", "pk": "xr0s0jmj7e2bklviqmi4rt2blq9d2mi3", "fields": {"session_data": ".eJxVjEkOAiEUBe_C2hCmZuile89AmL6NGjDQnWiMd1eSXuj2Vb16Ieu2dbFbT83miGZE0eF38y5cUxkgXlw5VxxqWVv2eCh4px2faky34-7-BRbXl--bT0ZIb6iiAExPijNlohBUEglSB-eNAhqllxCU0yYJEMRTxTgDHYDzEe2p91yLTY97bk80k_cHVH4-bw:1o5yuF:25NwOQ34ggYYhtxkoBozugoXFbgKliVV5H2fJFgXSD4", "expire_date": "2022-07-12T00:16:39.741Z"}}, {"model": "sessions.session", "pk": "zkusu9ip5nppxuzkz3p2ktv4o8wa8qlp", "fields": {"session_data": ".eJxVjMsOwiAQRf-FtSEdoAy4dO83kOExUjU0Ke3K-O_apAvd3nPOfYlA21rD1ssSpizOAsTpd4uUHqXtIN-p3WaZ5rYuU5S7Ig_a5XXO5Xk53L-DSr1-az16Y6MHBGblRtQKfTYG7GDZukTRI0O20XJCcr4YNkMEVFqxS6y1eH8AukA3Mg:1nzMAw:wToAqYkuqYH2-08ES9xVMlalJJ80tvq3Wsn6o9w_awU", "expire_date": "2022-06-23T17:42:30.364Z"}}, {"model": "sessions.session", "pk": "znkiy5hqjyxp4echaqu00rdhcsfsx7mj", "fields": {"session_data": ".eJxVjEkOAiEUBe_C2hCmZuile89AmL6NGjDQnWiMd1eSXuj2Vb16Ieu2dbFbT83miGZE0eF38y5cUxkgXlw5VxxqWVv2eCh4px2faky34-7-BRbXl--bT0ZIb6iiAExPijNlohBUEglSB-eNAhqllxCU0yYJEMRTxTgDHYDzEe2p91yLTY97bk80k_cHVH4-bw:1o4Ulu:WlEvI7PBNCiFak0Rr0buNauKjb-DgIy3bCgVkx5NeWA", "expire_date": "2022-07-07T21:53:54.205Z"}}, {"model": "base.ubicaciones", "pk": 1, "fields": {"NombreUbicacion": "Plaza Che"}}, {"model": "base.ubicaciones", "pk": 2, "fields": {"NombreUbicacion": "Edificio CyT"}}, {"model": "base.ubicaciones", "pk": 3, "fields": {"NombreUbicacion": "Edificio Aulas"}}, {"model": "base.ubicaciones", "pk": 4, "fields": {"NombreUbicacion": "FEM"}}, {"model": "base.ubicaciones", "pk": 5, "fields": {"NombreUbicacion": "Medicina"}}, {"model": "base.categoria", "pk": 1, "fields": {"NombreCategoria": "Comida Rapida"}}, {"model": "base.categoria", "pk": 2, "fields": {"NombreCategoria": "Postres"}}, {"model": "base.categoria", "pk": 3, "fields": {"NombreCategoria": "Miscelánea"}}, {"model": "base.categoria", "pk": 4, "fields": {"NombreCategoria": "Almuerzos"}}, {"model": "base.categoria", "pk": 5, "fields": {"NombreCategoria": "Desayunos"}}, {"model": "base.categoria", "pk": 6, "fields": {"NombreCategoria": "Paquetes"}}, {"model": "base.categoria", "pk": 7, "fields": {"NombreCategoria": "Otros"}}, {"model": "base.categoria", "pk": 8, "fields": {"NombreCategoria": "Vegetariana"}}, {"model": "base.chaza", "pk": 8, "fields": {"IdUbicacion": 1, "IdCategoria": 1, "NombreChaza": "Chempanadas", "Puntuacion": 4.0, "Descripcion": "Las mejores empanadas de la Che", "CoordenadaX": "591px", "CoordenadaY": "481px", "slug": "chempanadas"}}, {"model": "base.chaza", "pk": 9, "fields": {"IdUbicacion": 2, "IdCategoria": 1, "NombreChaza": "Megapasteles", "Puntuacion": 4.5, "Descripcion": "Empanadas y pasteles deliciosos", "CoordenadaX": "542px", "CoordenadaY": "496px", "slug": "megapasteles"}}, {"model": "base.chaza", "pk": 10, "fields": {"IdUbicacion": 1, "IdCategoria": 4, "NombreChaza": "PastaChaza", "Puntuacion": 3.0, "Descripcion": "Las mejores pastas, lasagnas y panzerottis para que almuerzes en la U", "CoordenadaX": "631px", "CoordenadaY": "651px", "slug": "pastachaza"}}, {"model": "base.chaza", "pk": 11, "fields": {"IdUbicacion": 5, "IdCategoria": 6, "NombreChaza": "Variedades Medicina", "Puntuacion": 2.5, "Descripcion": "Papas, ponques, galletas, jugos a los mejores precios", "CoordenadaX": "514px", "CoordenadaY": "592px", "slug": "variedades-medicina"}}, {"model": "base.chaza", "pk": 12, "fields": {"IdUbicacion": 2, "IdCategoria": 6, "NombreChaza": "Variedades CyT", "Puntuacion": 5.0, "Descripcion": "Dulces: Gomitas, chocolates\r\nJugos y paquetes de todo tipo\r\nSandwiches y ponques\r\nVisítanos", "CoordenadaX": "514px", "CoordenadaY": "466px", "slug": "variedades-cyt"}}, {"model": "base.chaza", "pk": 13, "fields": {"IdUbicacion": 1, "IdCategoria": 5, "NombreChaza": "WafflesUN", "Puntuacion": 3.33, "Descripcion": "Ricos waffles para que empieces tu día", "CoordenadaX": "652px", "CoordenadaY": "633px", "slug": "wafflesun"}}, {"model": "base.chaza", "pk": 14, "fields": {"IdUbicacion": 1, "IdCategoria": 5, "NombreChaza": "Tamales", "Puntuacion": 4.33, "Descripcion": "Tamales calienticos\r\nChocolate para que lo acompañes", "CoordenadaX": "636px", "CoordenadaY": "690px", "slug": "tamales"}}, {"model": "base.chaza", "pk": 25, "fields": {"IdUbicacion": 4, "IdCategoria": 3, "NombreChaza": "Chaza Papeleria", "Puntuacion": 0.0, "Descripcion": "Los mejores precios en esferos, lapices, cuadernos y mucho más", "CoordenadaX": "654px", "CoordenadaY": "507px", "slug": "chaza-papeleria"}}, {"model": "base.tipousuario", "pk": 1, "fields": {"NombreTipoUsuario": "Comensal"}}, {"model": "base.tipousuario", "pk": 2, "fields": {"NombreTipoUsuario": "Dueño"}}, {"model": "base.comensales", "pk": 1, "fields": {"IdTipoUsuario": 2, "NombreUsuario": "npardom", "RegistroFinal": 1}}, {"model": "base.comensales", "pk": 10, "fields": {"IdTipoUsuario": 2, "NombreUsuario": "dueño1", "RegistroFinal": 10}}, {"model": "base.comensales", "pk": 11, "fields": {"IdTipoUsuario": 2, "NombreUsuario": "dueño2", "RegistroFinal": 11}}, {"model": "base.comensales", "pk": 12, "fields": {"IdTipoUsuario": 2, "NombreUsuario": "dueño3", "RegistroFinal": 12}}, {"model": "base.comensales", "pk": 13, "fields": {"IdTipoUsuario": 2, "NombreUsuario": "dueño4", "RegistroFinal": 13}}, {"model": "base.comensales", "pk": 14, "fields": {"IdTipoUsuario": 2, "NombreUsuario": "dueño5", "RegistroFinal": 14}}, {"model": "base.comensales", "pk": 15, "fields": {"IdTipoUsuario": 2, "NombreUsuario": "Dueño6", "RegistroFinal": 15}}, {"model": "base.comensales", "pk": 16, "fields": {"IdTipoUsuario": 1, "NombreUsuario": "Comensal1", "RegistroFinal": 16}}, {"model": "base.comensales", "pk": 17, "fields": {"IdTipoUsuario": 1, "NombreUsuario": "Comensal2", "RegistroFinal": 17}}, {"model": "base.comensales", "pk": 18, "fields": {"IdTipoUsuario": 1, "NombreUsuario": "Comensal3", "RegistroFinal": 18}}, {"model": "base.comensales", "pk": 20, "fields": {"IdTipoUsuario": 1, "NombreUsuario": "felipe", "RegistroFinal": 20}}, {"model": "base.comensales", "pk": 21, "fields": {"IdTipoUsuario": 1, "NombreUsuario": "comensal0", "RegistroFinal": 21}}, {"model": "base.comensales", "pk": 24, "fields": {"IdTipoUsuario": 1, "NombreUsuario": "cliente", "RegistroFinal": 24}}, {"model": "base.comensales", "pk": 25, "fields": {"IdTipoUsuario": 2, "NombreUsuario": "vendedor", "RegistroFinal": 25}}, {"model": "base.comensales", "pk": 26, "fields": {"IdTipoUsuario": 2, "NombreUsuario": "nuevoVendedor", "RegistroFinal": 26}}, {"model": "base.comensales", "pk": 27, "fields": {"IdTipoUsuario": 2, "NombreUsuario": "nicolas_felipe", "RegistroFinal": 27}}, {"model": "base.comentarios", "pk": 21, "fields": {"IdComensal": 16, "IdChaza": 8, "DescripcionComentario": "Estuvieron deliciosas, las de pollo son las mejores", "PuntuacionDada": 5}}, {"model": "base.comentarios", "pk": 22, "fields": {"IdComensal": 16, "IdChaza": 9, "DescripcionComentario": "No tan ricos, pero los de carne valen mucho la pena", "PuntuacionDada": 4}}, {"model": "base.comentarios", "pk": 23, "fields": {"IdComensal": 16, "IdChaza": 10, "DescripcionComentario": "La lasaña 10/10. Estuvo increíble", "PuntuacionDada": 5}}, {"model": "base.comentarios", "pk": 24, "fields": {"IdComensal": 16, "IdChaza": 11, "DescripcionComentario": "Súper barato, pero no tienen tinto :c", "PuntuacionDada": 4}}, {"model": "base.comentarios", "pk": 25, "fields": {"IdComensal": 16, "IdChaza": 12, "DescripcionComentario": "Súper económico, los sandwiches son grandes y ricos", "PuntuacionDada": 5}}, {"model": "base.comentarios", "pk": 26, "fields": {"IdComensal": 16, "IdChaza": 13, "DescripcionComentario": "Muy sobrevalorados, mejor los tamales", "PuntuacionDada": 3}}, {"model": "base.comentarios", "pk": 27, "fields": {"IdComensal": 16, "IdChaza": 14, "DescripcionComentario": "Es la mejor chaza de la universidad. Son perfectos", "PuntuacionDada": 5}}, {"model": "base.comentarios", "pk": 28, "fields": {"IdComensal": 17, "IdChaza": 8, "DescripcionComentario": "La verdad no son tan ricas, pero son baratas.", "PuntuacionDada": 2}}, {"model": "base.comentarios", "pk": 29, "fields": {"IdComensal": 17, "IdChaza": 9, "DescripcionComentario": "Súper deliciosos y baratos", "PuntuacionDada": 5}}, {"model": "base.comentarios", "pk": 30, "fields": {"IdComensal": 17, "IdChaza": 10, "DescripcionComentario": "La pasta super seca, no me gustó", "PuntuacionDada": 1}}, {"model": "base.comentarios", "pk": 31, "fields": {"IdComensal": 17, "IdChaza": 11, "DescripcionComentario": "Me salieron las galletas vencidas", "PuntuacionDada": 1}}, {"model": "base.comentarios", "pk": 32, "fields": {"IdComensal": 17, "IdChaza": 12, "DescripcionComentario": "Siempre vengo aquí y tienen la mejor atención y comida súper rica", "PuntuacionDada": 5}}, {"model": "base.comentarios", "pk": 33, "fields": {"IdComensal": 17, "IdChaza": 13, "DescripcionComentario": "Meh", "PuntuacionDada": 2}}, {"model": "base.comentarios", "pk": 34, "fields": {"IdComensal": 17, "IdChaza": 14, "DescripcionComentario": "Lo mejor que he probado", "PuntuacionDada": 5}}, {"model": "base.comentarios", "pk": 35, "fields": {"IdComensal": 18, "IdChaza": 14, "DescripcionComentario": "Estuvieron bien", "PuntuacionDada": 3}}, {"model": "base.comentarios", "pk": 36, "fields": {"IdComensal": 18, "IdChaza": 13, "DescripcionComentario": "Estuvieron muy ricos y me encimaron jugo de naranja", "PuntuacionDada": 5}}, {"model": "base.comentarios", "pk": 37, "fields": {"IdComensal": 18, "IdChaza": 8, "DescripcionComentario": "Las de pollo con champiñones son una fantasía", "PuntuacionDada": 5}}, {"model": "base.comentarios", "pk": 41, "fields": {"IdComensal": 24, "IdChaza": 8, "DescripcionComentario": "DELICIOSAS!", "PuntuacionDada": 4}}, {"model": "base.duenochaza", "pk": 8, "fields": {"IdComensal": 1, "IdChaza": 8}}, {"model": "base.duenochaza", "pk": 9, "fields": {"IdComensal": 10, "IdChaza": 9}}, {"model": "base.duenochaza", "pk": 10, "fields": {"IdComensal": 11, "IdChaza": 10}}, {"model": "base.duenochaza", "pk": 11, "fields": {"IdComensal": 12, "IdChaza": 11}}, {"model": "base.duenochaza", "pk": 12, "fields": {"IdComensal": 13, "IdChaza": 12}}, {"model": "base.duenochaza", "pk": 13, "fields": {"IdComensal": 14, "IdChaza": 13}}, {"model": "base.duenochaza", "pk": 14, "fields": {"IdComensal": 15, "IdChaza": 14}}, {"model": "base.duenochaza", "pk": 25, "fields": {"IdComensal": 27, "IdChaza": 25}}, {"model": "sites.site", "pk": 1, "fields": {"domain": "127.0.0.1:8000", "name": "127.0.0.1:8000"}}, {"model": "account.emailaddress", "pk": 5, "fields": {"user": 27, "email": "npardomachetts@gmail.com", "verified": true, "primary": true}}, {"model": "socialaccount.socialapp", "pk": 1, "fields": {"provider": "google", "name": "Google Api", "client_id": "567446121197-99chq0mne0blo794112jpana54jg324m.apps.googleusercontent.com", "secret": "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", "key": "", "sites": [1]}}, {"model": "socialaccount.socialaccount", "pk": 5, "fields": {"user": 27, "provider": "google", "uid": "102293774872763632854", "last_login": "2022-06-28T03:47:10.762Z", "date_joined": "2022-06-28T03:47:10.762Z", "extra_data": "{\"id\": \"102293774872763632854\", \"email\": \"npardomachetts@gmail.com\", \"verified_email\": true, \"name\": \"Nicolas Felipe Pardo Machett's\", \"given_name\": \"Nicolas Felipe\", \"family_name\": \"Pardo Machett's\", \"picture\": \"https://lh3.googleusercontent.com/a-/AOh14GhVsVrR24CQr0SMTNp1axVGG7PNSRlLf_xr_fxLsQ=s96-c\", \"locale\": \"es-419\"}"}}]